chain	throughput	time
bitcoin	21.956539351851852	2015-08-01 01:06:41.000000 UTC