chain	throughput	time
ethereum	116.87545138888888	2022-12-23 20:18:59.000000 UTC